combo,ecc_opt,ecc_opt_std
0,5.212121212121212,0.40881022918884974
1,3.0303030303030303,0.17141982574219336
2,2.0,0.0
3,6.7272727272727275,0.4453617714151233
4,4.0,0.0
5,2.8484848484848486,0.3585502898848252
