combo,label,ecc_opt,ecc_opt_std
0,M s=6,6.787878787878788,0.5369710650505863
1,M s=8,10.181818181818182,0.6254474981984937
2,M s=10,13.212121212121213,0.7285342594043217
3,M s=12,16.90909090909091,0.8656276883082242
4,D s=6,3.0,0.0
5,D s=8,5.0,0.0
6,D s=10,7.0,0.0
7,D s=12,9.0,0.0
